Episode,TotalReward,AvgLoss,pass,single,pair,triplet,four,sequence
1,470.76333333333366,0.023982877384260887,953,46,1,0,0,0
2,540.1233333333332,0.03162062430384932,956,41,3,0,0,0
